{
	"format_version": "1.8.0",
	"animations": {
		"animation.model.ground_walk": {
			"loop": true,
			"animation_length": 2,
			"bones": {
				"body": {
					"rotation": ["7.5-math.cos(q.anim_time*90*2*2-90)*2", "0-math.cos(q.anim_time*90*2+60)*2", "0-math.cos(q.anim_time*90*2-60)*3"],
					"position": {
						"0.0": [0, "0.25-math.sin(q.anim_time*90*2*2)*0.4", 0],
						"0.2917": [0, "0.25-math.sin(q.anim_time*90*2*2)*0.4", 0],
						"0.4167": [0, "0.25-math.sin(q.anim_time*90*2*15)*0.1", 0],
						"1.0": [0, "0.25-math.sin(q.anim_time*90*2*2)*0.4", 0],
						"1.2917": [0, "0.25-math.sin(q.anim_time*90*2*2)*0.4", 0],
						"1.4167": [0, "0.25-math.sin(q.anim_time*90*2*15)*0.1", 0],
						"2.0": [0, "0.25-math.sin(q.anim_time*90*2*2)*0.4", 0]
					}
				},
				"bottom_jaw": {
					"rotation": ["8-math.sin(q.anim_time*90*2)*8", 0, 0]
				},
				"front_right": {
					"rotation": {
						"0.0": ["-3.4859+math.sin(q.anim_time*90*2+20)*12", "-13.9998+math.sin(q.anim_time*90*2+20)*5", -0.05516],
						"0.4167": ["1.5+math.sin(q.anim_time*90*2+20)*12", "-9+math.sin(q.anim_time*90*2+20)*5", 0],
						"0.9167": ["1.5+math.sin(q.anim_time*90*2+20)*12", "-9+math.sin(q.anim_time*90*2+20)*5", 0],
						"1.2083": [-12.95, "-9+math.sin(q.anim_time*90*2+20)*5", 0],
						"1.4167": ["-6+math.sin(q.anim_time*90*2+20)*12", "-9+math.sin(q.anim_time*90*2+20)*5", 0],
						"2.0": ["-3.4859+math.sin(q.anim_time*90*2+20)*12", "-13.9998+math.sin(q.anim_time*90*2+20)*5", -0.05516]
					},
					"position": {
						"0.0": [0.81574, "-1.0104+math.clamp(math.cos(q.anim_time*90*2-160)*3/2,0,10)", "-1.0399+math.sin(q.anim_time*90*2+20)*1"],
						"0.4167": [0.5, "-1.2496+math.clamp(math.cos(q.anim_time*90*2-160)*3/2,0,10)", "0+math.sin(q.anim_time*90*2+20)*1"],
						"0.9167": [0.5, "-1.2496+math.clamp(math.cos(q.anim_time*90*2-160)*3/2,0,10)", "0+math.sin(q.anim_time*90*2+20)*1"],
						"1.2083": [0.5, 1.19, "0+math.sin(q.anim_time*90*2+20)*1"],
						"1.4167": [0.5, "0.7496+math.clamp(math.cos(q.anim_time*90*2-160)*3/2,0,10)", "0+math.sin(q.anim_time*90*2+20)*1"],
						"2.0": [0.81574, "-1.0104+math.clamp(math.cos(q.anim_time*90*2-160)*3/2,0,10)", "-1.0399+math.sin(q.anim_time*90*2+20)*1"]
					}
				},
				"leg2": {
					"rotation": {
						"0.0": [0, 0, 0],
						"0.2083": [-3.75, 0, 0],
						"0.4167": [0, 0, 0],
						"0.5833": [-1.5, 0, 0],
						"0.7917": [-1.83, 0, 0],
						"0.9167": [-1, 0, 0],
						"1.0": [-1.16, 0, 0],
						"1.0833": [-2.33, 0, 0],
						"1.2917": [-1, 0, 0],
						"1.4167": [-2, 0, 0],
						"1.5": [-3.08, 0, 0],
						"1.7917": [-1.73, 0, 0],
						"1.9167": [-2.11, 0, 0],
						"2.0": [-5, 0, 0]
					}
				},
				"back_right": {
					"rotation": {
						"0.0": [-6.11379, "12.7178-math.sin(q.anim_time*90*2)*8", 5.53419],
						"0.0833": ["-4.2773-math.sin(q.anim_time*90*2)*8", "8.0156-math.sin(q.anim_time*90*2)*8", 8.5428],
						"0.2917": [-3.86148, "17.7607-math.sin(q.anim_time*90*2)*8", 4.39062],
						"0.4167": [-4.9113, "22.5525-math.sin(q.anim_time*90*2)*8", 1.84008],
						"0.5": ["9.0994-math.sin(q.anim_time*90*2)*8", "20.0037-math.sin(q.anim_time*90*2)*8", -0.52241],
						"1.0": ["1.9308-math.sin(q.anim_time*90*2)*8", "10.0249-math.sin(q.anim_time*90*2)*8", -1.93077],
						"1.5": ["-3.8812-math.sin(q.anim_time*90*2)*8", "-2.2482-math.sin(q.anim_time*90*2)*8", -8.60084],
						"2.0": [-6.37608, "15.203-math.sin(q.anim_time*90*2)*8", 5.15642]
					},
					"position": {
						"0.0": [-0.75, "0+math.clamp(math.cos(q.anim_time*90*2)*1,0,10)", "0-math.sin(q.anim_time*90*2)*3/2"],
						"0.2917": [-0.75, "0+math.clamp(math.cos(q.anim_time*90*2)*1,0,10)", "0-math.sin(q.anim_time*90*2)*3/2"],
						"0.5": [-0.67017, "-0.9903+math.clamp(math.cos(q.anim_time*90*2)*1,0,10)", "0-math.sin(q.anim_time*90*2)*3/2"],
						"0.7083": [-0.7, -0.89, "0-math.sin(q.anim_time*90*2)*3/2"],
						"0.9167": [-0.73, -0.5, "0-math.sin(q.anim_time*90*2)*3/2"],
						"1.0": [-0.75, "0+math.clamp(math.cos(q.anim_time*90*2)*1,0,10)", "0-math.sin(q.anim_time*90*2)*3/2"],
						"2.0": [-0.75, "0+math.clamp(math.cos(q.anim_time*90*2)*1,0,10)", "0-math.sin(q.anim_time*90*2)*3/2"]
					}
				},
				"leg4": {
					"rotation": {
						"0.0": [-0.81, 0, 0],
						"0.0833": [-1.62, 0, 0],
						"0.2917": [-0.75, 0, 0],
						"0.4167": [0.38, 0, 0],
						"0.5": [0, 0, 0],
						"0.5833": [-1.4, 0, 0],
						"0.7917": [0.24, 0, 0],
						"1.0": [-2, 0, 0],
						"1.2083": [0.9, 0, 0],
						"1.5": [-1, 0, 0],
						"1.9167": [0.5, 0, 0],
						"2.0": [-0.81, 0, 0]
					}
				},
				"back_left": {
					"rotation": {
						"0.0": ["3.5+math.sin(q.anim_time*90*2)*8", "0-math.sin(q.anim_time*90*2)*8", 0],
						"0.5": ["3.5+math.sin(q.anim_time*90*2)*8", "0-math.sin(q.anim_time*90*2)*8", 0],
						"1.0833": ["-13.5+math.sin(q.anim_time*90*2)*8", "0-math.sin(q.anim_time*90*2)*8", 0],
						"1.2917": [-15.57, "0-math.sin(q.anim_time*90*2)*8", 0],
						"1.4167": [-6.04, "0-math.sin(q.anim_time*90*2)*8", 0],
						"1.5": ["9.5+math.sin(q.anim_time*90*2)*8", "0-math.sin(q.anim_time*90*2)*8", 0],
						"2.0": ["3.5+math.sin(q.anim_time*90*2)*8", "0-math.sin(q.anim_time*90*2)*8", 0]
					},
					"position": {
						"0.0": [0.75, "0+math.clamp(math.cos(q.anim_time*90*2-180)*1,0,10)", "0+math.sin(q.anim_time*90*2)*3/2"],
						"1.2917": [0.75, "0+math.clamp(math.cos(q.anim_time*90*2-180)*1,0,10)", "0+math.sin(q.anim_time*90*2)*3/2"],
						"1.5": [0.67017, "-0.9903+math.clamp(math.cos(q.anim_time*90*2-180)*1,0,10)", "0+math.sin(q.anim_time*90*2)*3/2"],
						"1.7083": [0.7, -0.89, "0+math.sin(q.anim_time*90*2)*3/2"],
						"1.9167": [0.73, -0.5, "0+math.sin(q.anim_time*90*2)*3/2"],
						"2.0": [0.75, "0+math.clamp(math.cos(q.anim_time*90*2-180)*1,0,10)", "0+math.sin(q.anim_time*90*2)*3/2"]
					}
				},
				"leg8": {
					"rotation": {
						"0.0": [0.5, 0, 0],
						"0.2083": [-1.6, 0, 0],
						"0.5": [-3.5, 0, 0],
						"0.9167": [-2, 0, 0],
						"1.0": [-0.81, 0, 0],
						"1.0833": [3.38, 0, 0],
						"1.2917": [4.25, 0, 0],
						"1.4167": [0.38, 0, 0],
						"1.5": [0, 0, 0],
						"1.5833": [1.1, 0, 0],
						"1.7917": [-1.7, 0, 0],
						"2.0": [3, 0, 0]
					}
				},
				"front_left": {
					"rotation": {
						"0.0": [-6.05, "9+math.sin(q.anim_time*90*2+20)*5", 0],
						"0.2083": [-15.7465, "16.2334+math.sin(q.anim_time*90*2+20)*5", -2.13714],
						"0.4167": ["-6.9864-math.sin(q.anim_time*90*2+20)*12", "16.1159+math.sin(q.anim_time*90*2+20)*5", -2.56791],
						"1.0": ["1-math.sin(q.anim_time*90*2+20)*12", "9+math.sin(q.anim_time*90*2+20)*5", 0],
						"1.4167": ["1.395-math.sin(q.anim_time*90*2+20)*12", "-5.596+math.sin(q.anim_time*90*2+20)*5", -3.46885],
						"1.9167": ["1.4917-math.sin(q.anim_time*90*2+20)*12", "4.0002+math.sin(q.anim_time*90*2+20)*5", -0.04012],
						"2.0": [-6.05, "9+math.sin(q.anim_time*90*2+20)*5", 0]
					},
					"position": {
						"0.0": [-0.5, 0.5, "0-math.sin(q.anim_time*90*2+20)*1"],
						"0.2083": [-0.5, 1.19, "0-math.sin(q.anim_time*90*2+20)*1"],
						"0.4167": [-0.5, "0.7496+math.clamp(math.cos(q.anim_time*90*2+20)*3/2,0,10)", "0-math.sin(q.anim_time*90*2+20)*1"],
						"1.0": [-0.5, "-1.2496+math.clamp(math.cos(q.anim_time*90*2+20)*3/2,0,10)", "-math.sin(q.anim_time*90*2+20)*1"],
						"1.4167": [-0.53647, "-0.277+math.clamp(math.cos(q.anim_time*90*2+20)*3/2,0,10)", "-0.2298-math.sin(q.anim_time*90*2+20)*1"],
						"1.9167": [-0.5, "-1.2496+math.clamp(math.cos(q.anim_time*90*2+20)*3/2,0,10)", "0-math.sin(q.anim_time*90*2+20)*1"],
						"2.0": [-0.5, 0.5, "0-math.sin(q.anim_time*90*2+20)*1"]
					}
				},
				"leg6": {
					"rotation": {
						"0.0": [-3.66, 0, 0],
						"0.0833": [-4.83, 0, 0],
						"0.2083": [-5.5, 0, 0],
						"0.2917": [-3.5, 0, 0],
						"0.4167": [-2, 0, 0],
						"0.5": [-5.58, 0, 0],
						"0.7917": [-4.23, 0, 0],
						"0.9167": [-2.11, 0, 0],
						"1.0": [-2.5, 0, 0],
						"1.2083": [-1.25, 0, 0],
						"1.4167": [0, 0, 0],
						"1.5833": [-1.5, 0, 0],
						"1.7917": [-1.83, 0, 0],